Roll Number,Name
270101001,abcd
270101002,abce
270101003,abcf
270101004,abcg
270101005,abch
270101006,abci
270101007,abcj
270101008,abck
270101009,abcl
270101010,abcm
270101011,abcn
270101012,abco
270101013,abcp
270101014,abcq
270101015,abcr
270101016,abcs
270101017,abct
270101018,abcu
270101019,abcv
270101020,abcw
270101021,abcx
270101022,abcy
270101023,abcz
270101024,abdd
270101025,abde
270101026,abdf
270101027,abdg
270101028,abdh
270101029,abdi
270101030,abdj
270101031,abdk
270101032,abdl
270101033,abdm
270101034,abdn
270101035,abdo
270101036,abdp
270101037,abdq
270101038,abdr
270101039,abds
270101040,abdt
270101041,abdu
270101042,abdv
270101043,abdw
270101044,abdx
270101045,abdy
270101046,abdz
270101047,abed
270101048,abee
270101049,abef
270101050,abeg
270101051,abeh
270101052,abei
270101053,abej
270101054,abek
270101055,abel
270101056,abem
270101057,aben
270101058,abeo
270101059,abep
270101060,abeq
270101061,aber
270101062,abes
270101063,abet
270101064,abeu
270101065,abev
270101066,abew
270101067,abex
270101068,abey
270101069,abez
270101070,abfd
270101071,abfe
270101072,abff
270101073,abfg
270101074,abfh
270101075,abfi
270101076,abfj
270101077,abfk
270101078,abfl
270101079,abfm
270101080,abfn
270101081,abfo
270101082,abfp
270101083,abfq
270101084,abfr
270101085,abfs
270101086,abft
270101087,abfu
270101088,abfv
270101089,abfw
270101090,abfx
270101091,abfy
270101092,abfz
270101093,abgd
270101094,abge
270101095,abgf
270101096,abgg
270101097,abgh
270101098,abgi
270101099,abgj
270101100,abgk
270101101,abgl
270101102,abgm
270101103,abgn
270101104,abgo
270101105,abgp
270101106,abgq
270101107,abgr
270101108,abgs
270101109,abgt
270101110,abgu
270101111,abgv
270101112,abgw
270101113,abgx
270101114,abgy
270101115,abgz
270101116,abhd
270101117,abhe
270101118,abhf
270101119,abhg
270101120,abhh
